{"0": {"x": 51, "y": 55, "angle": 0.8231161158643125, "freq": 75.0066663703967, "value": 255, "file_name": "[51, 55].png"}, "1": {"x": 131, "y": 55, "angle": 0.39749820566951605, "freq": 142.0774436706967, "value": 255, "file_name": "[131, 55].png"}}