{"0": {"x": 33, "y": 37, "angle": 0.8424789458037129, "freq": 49.57822102496216, "value": 255, "file_name": "[33, 37].png"}, "1": {"x": 34, "y": 37, "angle": 0.8276265655104502, "freq": 50.24937810560445, "value": 255, "file_name": "[34, 37].png"}, "2": {"x": 35, "y": 37, "angle": 0.8131687999908693, "freq": 50.93132631298737, "value": 255, "file_name": "[35, 37].png"}, "3": {"x": 36, "y": 37, "angle": 0.7990959367703141, "freq": 51.62363799656123, "value": 255, "file_name": "[36, 37].png"}, "4": {"x": 37, "y": 37, "angle": 0.7853981633974483, "freq": 52.32590180780452, "value": 255, "file_name": "[37, 37].png"}, "5": {"x": 37, "y": 38, "angle": 0.798730706691594, "freq": 53.03772242470448, "value": 255, "file_name": "[37, 38].png"}, "6": {"x": 37, "y": 39, "angle": 0.8117078806503705, "freq": 53.75872022286245, "value": 255, "file_name": "[37, 39].png"}, "7": {"x": 37, "y": 40, "angle": 0.8243395064944876, "freq": 54.48853090330111, "value": 255, "file_name": "[37, 40].png"}, "8": {"x": 37, "y": 41, "angle": 0.8366353308008672, "freq": 55.226805085936306, "value": 255, "file_name": "[37, 41].png"}, "9": {"x": 37, "y": 42, "angle": 0.8486049952949085, "freq": 55.97320787662612, "value": 255, "file_name": "[37, 42].png"}, "10": {"x": 37, "y": 43, "angle": 0.8602580111082151, "freq": 56.72741841473134, "value": 255, "file_name": "[37, 43].png"}, "11": {"x": 37, "y": 44, "angle": 0.8716037370732271, "freq": 57.48912940721924, "value": 255, "file_name": "[37, 44].png"}, "12": {"x": 37, "y": 45, "angle": 0.8826513616490141, "freq": 58.25804665451803, "value": 255, "file_name": "[37, 45].png"}, "13": {"x": 37, "y": 46, "angle": 0.8934098880974947, "freq": 59.033888572581766, "value": 255, "file_name": "[37, 46].png"}, "14": {"x": 37, "y": 47, "angle": 0.903888122555586, "freq": 59.81638571495272, "value": 255, "file_name": "[37, 47].png"}, "15": {"x": 37, "y": 48, "angle": 0.9140946646754624, "freq": 60.60528029800704, "value": 255, "file_name": "[37, 48].png"}, "16": {"x": 38, "y": 37, "angle": 0.7720656201033026, "freq": 53.03772242470448, "value": 255, "file_name": "[38, 37].png"}, "17": {"x": 39, "y": 37, "angle": 0.7590884461445261, "freq": 53.75872022286245, "value": 255, "file_name": "[39, 37].png"}, "18": {"x": 40, "y": 37, "angle": 0.746456820300409, "freq": 54.48853090330111, "value": 255, "file_name": "[40, 37].png"}, "19": {"x": 41, "y": 37, "angle": 0.7341609959940295, "freq": 55.226805085936306, "value": 255, "file_name": "[41, 37].png"}, "20": {"x": 44, "y": 40, "angle": 0.7378150601204649, "freq": 59.464274989274024, "value": 255, "file_name": "[44, 40].png"}, "21": {"x": 44, "y": 41, "angle": 0.750118689803857, "freq": 60.14149981501958, "value": 255, "file_name": "[44, 41].png"}, "22": {"x": 44, "y": 42, "angle": 0.7621465405869854, "freq": 60.8276253029822, "value": 255, "file_name": "[44, 42].png"}, "23": {"x": 44, "y": 43, "angle": 0.7739044166824178, "freq": 61.5223536610881, "value": 255, "file_name": "[44, 43].png"}, "24": {"x": 44, "y": 44, "angle": 0.7853981633974483, "freq": 62.22539674441618, "value": 255, "file_name": "[44, 44].png"}, "25": {"x": 44, "y": 45, "angle": 0.7966336456554111, "freq": 62.93647591023825, "value": 255, "file_name": "[44, 45].png"}, "26": {"x": 45, "y": 38, "angle": 0.7012599228662774, "freq": 58.89821729050889, "value": 255, "file_name": "[45, 38].png"}, "27": {"x": 45, "y": 39, "angle": 0.714090698612158, "freq": 59.54829972383762, "value": 255, "file_name": "[45, 39].png"}, "28": {"x": 45, "y": 46, "angle": 0.7963867320801818, "freq": 64.35060217278468, "value": 255, "file_name": "[45, 46].png"}, "29": {"x": 45, "y": 47, "angle": 0.807133870239241, "freq": 65.06919393998976, "value": 255, "file_name": "[45, 47].png"}, "30": {"x": 46, "y": 38, "angle": 0.690446457054692, "freq": 59.665735560705194, "value": 255, "file_name": "[46, 38].png"}, "31": {"x": 46, "y": 47, "angle": 0.7961504371885496, "freq": 65.76473218982953, "value": 255, "file_name": "[46, 47].png"}, "32": {"x": 47, "y": 37, "angle": 0.6669082042393105, "freq": 59.81638571495272, "value": 255, "file_name": "[47, 37].png"}, "33": {"x": 47, "y": 48, "angle": 0.7959240904291737, "freq": 67.17886572427373, "value": 255, "file_name": "[47, 48].png"}, "34": {"x": 48, "y": 37, "angle": 0.6567016621194341, "freq": 60.60528029800704, "value": 255, "file_name": "[48, 37].png"}, "35": {"x": 48, "y": 48, "angle": 0.7853981633974483, "freq": 67.88225099390856, "value": 255, "file_name": "[48, 48].png"}, "36": {"x": 49, "y": 37, "angle": 0.6467584262632902, "freq": 61.40032573203501, "value": 255, "file_name": "[49, 37].png"}, "37": {"x": 49, "y": 48, "angle": 0.775089250251205, "freq": 68.59300255857006, "value": 255, "file_name": "[49, 48].png"}, "38": {"x": 50, "y": 37, "angle": 0.6370703292756835, "freq": 62.20128616033595, "value": 255, "file_name": "[50, 37].png"}, "39": {"x": 50, "y": 48, "angle": 0.7649928327109102, "freq": 69.31089380465383, "value": 255, "file_name": "[50, 48].png"}, "40": {"x": 51, "y": 38, "angle": 0.6403564650708428, "freq": 63.60031446463138, "value": 255, "file_name": "[51, 38].png"}, "41": {"x": 51, "y": 47, "angle": 0.7446044805295828, "freq": 69.35416353759881, "value": 255, "file_name": "[51, 47].png"}, "42": {"x": 52, "y": 38, "angle": 0.6310793874713292, "freq": 64.40496875241847, "value": 255, "file_name": "[52, 38].png"}, "43": {"x": 52, "y": 39, "angle": 0.6435011087932844, "freq": 65.0, "value": 255, "file_name": "[52, 39].png"}, "44": {"x": 52, "y": 46, "angle": 0.724250000748147, "freq": 69.42621983083913, "value": 255, "file_name": "[52, 46].png"}, "45": {"x": 52, "y": 47, "angle": 0.7349359893805925, "freq": 70.09279563550022, "value": 255, "file_name": "[52, 47].png"}, "46": {"x": 55, "y": 37, "angle": 0.5921866795496422, "freq": 66.2872536767062, "value": 255, "file_name": "[55, 37].png"}, "47": {"x": 55, "y": 38, "angle": 0.6045985900934768, "freq": 66.85057965343307, "value": 255, "file_name": "[55, 38].png"}, "48": {"x": 55, "y": 39, "angle": 0.6168012237880187, "freq": 67.42403132415029, "value": 255, "file_name": "[55, 39].png"}, "49": {"x": 55, "y": 40, "angle": 0.628796286415433, "freq": 68.00735254367721, "value": 255, "file_name": "[55, 40].png"}, "50": {"x": 55, "y": 41, "angle": 0.6405856651585093, "freq": 68.60029154456998, "value": 255, "file_name": "[55, 41].png"}, "51": {"x": 55, "y": 42, "angle": 0.6521714117570698, "freq": 69.20260110718382, "value": 255, "file_name": "[55, 42].png"}, "52": {"x": 55, "y": 43, "angle": 0.6635557263775311, "freq": 69.81403870282824, "value": 255, "file_name": "[55, 43].png"}, "53": {"x": 55, "y": 44, "angle": 0.6747409422235527, "freq": 70.43436661176133, "value": 255, "file_name": "[55, 44].png"}, "54": {"x": 55, "y": 45, "angle": 0.6857295109062863, "freq": 71.06335201775947, "value": 255, "file_name": "[55, 45].png"}, "55": {"x": 55, "y": 46, "angle": 0.6965239885843404, "freq": 71.7007670809734, "value": 255, "file_name": "[55, 46].png"}, "56": {"x": 55, "y": 47, "angle": 0.7071270228761704, "freq": 72.34638899074369, "value": 255, "file_name": "[55, 47].png"}, "57": {"x": 55, "y": 48, "angle": 0.7175413405411444, "freq": 73.0, "value": 255, "file_name": "[55, 48].png"}, "58": {"x": 56, "y": 38, "angle": 0.5961991412974801, "freq": 67.67569726275453, "value": 255, "file_name": "[56, 38].png"}, "59": {"x": 57, "y": 39, "angle": 0.6000502134017536, "freq": 69.06518659932803, "value": 255, "file_name": "[57, 39].png"}, "60": {"x": 58, "y": 40, "angle": 0.6037493333974364, "freq": 70.45565981523414, "value": 255, "file_name": "[58, 40].png"}, "61": {"x": 58, "y": 41, "angle": 0.615339541805392, "freq": 71.02816342831905, "value": 255, "file_name": "[58, 41].png"}, "62": {"x": 59, "y": 42, "angle": 0.6186443509247471, "freq": 72.42237223399962, "value": 255, "file_name": "[59, 42].png"}, "63": {"x": 60, "y": 43, "angle": 0.6218242878305899, "freq": 73.81734213584231, "value": 255, "file_name": "[60, 43].png"}, "64": {"x": 61, "y": 44,