{"0": {"x": 8, "y": 5, "angle": 0.5585993153435624, "freq": 9.433981132056603, "value": 