{"0": {"x": null, "y": null, "angle": 0.7853981633974483, "freq": 12.0, "value": 255, "file_name": "<0.7853981633974483, 12.0>.png"}}