{"0": {"x": 176, "y": 165, "angle": 0.7531512809621944, "freq": 241.2488341940744, "value": 255, "file_name": "[176, 165].png"}, "1": {"x": 177, "y": 165, "angle": 0.7503248328642229, "freq": 241.9793379609094, "value": 255, "file_name": "[177, 165].png"}, "2": {"x": 178, "y": 165, "angle": 0.7475154210391892, "freq": 242.71176320895532, "value": 255, "file_name": "[178, 165].png"}, "3": {"x": 179, "y": 165, "angle": 0.7447229358713647, "freq": 243.4460925954656, "value": 255, "file_name": "[179, 165].png"}, "4": {"x": 179, "y": 166, "angle": 0.7477348229123987, "freq": 244.12496799794977, "value": 255, "file_name": "[179, 166].png"}, "5": {"x": 179, "y": 167, "angle": 0.7507299781879485, "freq": 244.80604567698077, "value": 255, "file_name": "[179, 167].png"}, "6": {"x": 179, "y": 168, "angle": 0.7537084874424175, "freq": 245.48930730278255, "value": 255, "file_name": "[179, 168].png"}, "7": {"x": 179, "y": 169, "angle": 0.7566704366512187, "freq": 246.1747346906258, "value": 255, "file_name": "[179, 169].png"}, "8": {"x": 179, "y": 170, "angle": 0.7596159119987058, "freq": 246.86230980042296, "value": 255, "file_name": "[179, 170].png"}, "9": {"x": 179, "y": 171, "angle": 0.7625449998566401, "freq": 247.5520147362974, "value": 255, "file_name": "[179, 171].png"}, "10": {"x": 179, "y": 172, "angle": 0.7654577867631893, "freq": 248.2438317461282, "value": 255, "file_name": "[179, 172].png"}, "11": {"x": 179, "y": 173, "angle": 0.7683543594024509, "freq": 248.93774322107123, "value": 255, "file_name": "[179, 173].png"}, "12": {"x": 179, "y": 174, "angle": 0.7712348045844909, "freq": 249.63373169505758, "value": 255, "file_name": "[179, 174].png"}, "13": {"x": 180, "y": 165, "angle": 0.7419472680059175, "freq": 244.1823089414956, "value": 255, "file_name": "[180, 165].png"}, "14": {"x": 180, "y": 166, "angle": 0.7449577957898783, "freq": 244.85914318236107, "value": 255, "file_name": "[180, 166].png"}, "15": {"x": 180, "y": 167, "angle": 0.7479516992227684, "freq": 245.5381844031596, "value": 255, "file_name": "[180, 167].png"}, "16": {"x": 180, "y": 168, "angle": 0.7509290623979403, "freq": 246.2194143441983, "value": 255, "file_name": "[180, 168].png"}, "17": {"x": 180, "y": 169, "angle": 0.753889969655168, "freq": 246.9028148887736, "value": 255, "file_name": "[180, 169].png"}, "18": {"x": 180, "y": 170, "angle": 0.7568345055586883, "freq": 247.58836806279893, "value": 255, "file_name": "[180, 170].png"}, "19": {"x": 180, "y": 171, "angle": 0.7597627548757708, "freq": 248.276056034407, "value": 255, "file_name": "[180, 171].png"}, "20": {"x": 180, "y": 172, "angle": 0.7626748025558072, "freq": 248.96586111352696, "value": 255, "file_name": "[180, 172].png"}, "21": {"x": 180, "y": 173, "angle": 0.7655707337099144, "freq": 249.65776575143823, "value": 255, "file_name": "[180, 173].png"}, "22": {"x": 180, "y": 174, "angle": 0.7684506335910434, "freq": 250.3517525403008, "value": 255, "file_name": "[180, 174].png"}, "23": {"x": 181, "y": 165, "angle": 0.7391883083646236, "freq": 244.92039523077696, "value": 255, "file_name": "[181, 165].png"}, "24": {"x": 182, "y": 165, "angle": 0.7364459481610216, "freq": 245.66033460858105, "value": 255, "file_name": "[182, 165].png"}, "25": {"x": 183, "y": 165, "angle": 0.7337200789150183, "freq": 246.40211038057285, "value": 255, "file_name": "[183, 165].png"}, "26": {"x": 185, "y": 167, "angle": 0.7343063025899264, "freq": 249.22680433693324, "value": 255, "file_name": "[185, 167].png"}, "27": {"x": 185, "y": 168, "angle": 0.7372767021644002, "freq": 249.897979183506, "value": 255, "file_name": "[185, 168].png"}, "28": {"x": 185, "y": 169, "angle": 0.7402311628016292, "freq": 250.57134712492567, "value": 255, "file_name": "[185, 169].png"}, "29": {"x": 185, "y": 170, "angle": 0.7431697612844465, "freq": 251.24689052802225, "value": 255, "file_name": "[185, 170].png"}, "30": {"x": 185, "y": 171, "angle": 0.7460925746692533, "freq": 251.92459189209774, "value": 255, "file_name": "[185, 171].png"}, "31": {"x": 185, "y": 172, "angle": 0.7489996802656593, "freq": 252.60443384865596, "value": 255, "file_name": "[185, 172].png"}, "32": {"x": 186, "y": 166, "angle": 0.7286410055753549, "freq": 249.30302846134862, "value": 255, "file_name": "[186, 166].png"}, "33": {"x": 186, "y": 167, "angle": 0.7316256881338968, "freq": 249.96999819978396, "value": 255, "file_name": "[186, 167].png"}, "34": {"x": 186, "y": 172, "angle": 0.7463119347609998, "freq": 253.33771926027913, "value": 255, "file_name": "[186, 172].png"}, "35": {"x": 186, "y": 173, "angle": 0.7492022797704146, "freq": 254.01771591761076, "value": 255, "file_name": "[186, 173].png"}, "36": {"x": 187, "y": 165, "angle": 0.722979353401491, "freq": 249.38724907260195, "value": 255, "file_name": "[187, 165].png"}, "37": {"x": 187, "y": 166, "angle": 0.7259781096269715, "freq": 250.04999500099976, "value": 255, "file_name": "[187, 166].png"}, "38": {"x": 187, "y": 173, "angle": 0.7465288612195266, "freq": 254.7508586835381, "value": 255, "file_name": "[187, 173].png"}, "39": {"x": 187, "y": 174, "angle": 0.7494026373289199, "freq": 255.43100829773977, "value": 255, "file_name": "[187, 174].png"}, "40": {"x": 188, "y": 165, "angle": 0.7203343234210526, "freq": 250.13796193301008, "value": 255, "file_name": "[188, 165].png"}, "41": {"x": 188, "y": 174, "angle": 0.7467433943003016, "freq": 256.1640099623677, "value": 255, "file_name": "[188, 174].png"}, "42": {"x": 189, "y": 165, "angle": 0.7177051407034797, "freq": 250.89041432466087, "value": 255, "file_name": "[189, 165].png"}, "43": {"x": 189, "y": 174, "angle": 0.7440993450278421, "freq": 256.8988127648705, "value": 255, "file_name": "[189, 174].png"}, "44": {"x": 190, "y": 165, "angle": 0.7150916992788239, "freq": 251.6445906432324, "value": 255, "file_name": "[190, 165].png"}, "45": {"x": 190, "y": 174, "angle": 0.7414703963205584, "freq": 257.63540129415446, "value": 255, "file_name": "[190, 174].png"}, "46": {"x": 191, "y": 165, "angle": 0.7124938935821044, "freq": 252.40047543536838, "value": 255, "file_name": "[191, 165].png"}, "47": {"x": 191, "y": 166, "angle": 0.7154842871983531, "freq": 253.0553299181821, "value": 255, "file_name": "[191, 166].png"}, "48": {"x": 191, "y": 174, "angle": 0.7388564552139288, "freq": 258.3737602776257, "value": 255, "file_name": "[191, 174].png"}, "49": {"x": 192, "y": 166, "angle": 0.7128997503860198, "freq": 253.81095327034254, "value": 255, "file_name": "[192, 166].png"}, "50": {"x": 192, "y": 173, "angle": 0.7333903102361539, "freq": 258.44341740504825, "value": 255, "file_name": "[192, 173].png"}, "51": {"x": 194, "y": 165, "angle": 0.7047932414958196, "freq": 254.678228358845, "value": 255, "file_name": "[194, 165].png"}, "52": {"x": 194, "y": 166, "angle": 0.7077766546600548, "freq": 255.32724100651697, "value": 255, "file_name": "[194, 166].png"}, "53": {"x": 194, "y": 167, "angle": 0.710744913025523, "freq": 255.9785147234041, "value": 255, "file_name": "[194, 167].png"}, "54": {"x": 194, "y": 168, "angle": 0.7136980798651549, "freq": 256.632032295269, "value": 255, "file_name": "[194, 168].png"}, "55": {"x": 194, "y": 169, "angle": 0.7166362188630692, "freq": 257.2877766237642, "value": 255, "file_name": "[194, 169].png"}, "56": {"x": 194, "y": 170, "angle": 0.7195593940947544, "freq": 257.9457307264456, "value": 255, "file_name": "[194, 170].png"}, "57": {"x": 194, "y": 171, "angle": 0.7224676700076346, "freq": 258.6058777367599, "value": 255, "file_name": "[194, 171].png"}, "58": {"x": 194, "y": 172, "angle": 0.7253611114020112, "freq": 259.268200904006, "value": 255, "file_name": "[194, 172].png"}, "59": {"x": 194, "y": 173, "angle": 0.7282397834123839, "freq": 259.9326835932719, "value": 255, "file_name": "[194, 173].png"}, "60": {"x": 194, "y": 174, "angle": 0.7311037514891423, "freq": 260.5993092853471, "value": 255, "file_name": "[194, 174].png"}, "61": {"x": 195, "y": 165, "angle": 0.702256931509007, "freq": 255.44079548889601, "value": 255,