{"0": {"x": 2, "y": 2, "angle": 0.7853981633974483, "freq": 2.8284271247461903, "value": 204, "file_name": "[2, 2].png"}, "1": {"x": 10, "y": 10, "angle": 0.7853981633974483, "freq": 14.142135623730951, "value": 204, "file_name": "[10, 10].png"}, "2": {"x": 25, "y": 25, "angle": 0.7853981633974483, "freq": 35.35533905932738, "value": 204, "file_name": "[25, 25].png"}, "3": {"x": 50, "y": 50, "angle": 0.7853981633974483, "freq": 70.71067811865476, "value": 204, "file_name": "[50, 50].png"}}