{"0": {"x": 6, "y": 9, "angle": 0.982793723247329, "freq": 10.816653826391969, "value": 255, "file_name": "[6, 9].png"}, "1": {"x": 7, "y": 9, "angle": 0.9097531579442097, "freq": 11.40175425099138, "value": 255, "file_name": "[7, 9].png"}, "2": {"x": 8, "y": 9, "angle": 0.844153986113171, "freq": 12.041594578792296, "value": 255, "file_name": "[8, 9].png"}, "3": {"x": 9, "y": 9, "angle": 0.7853981633974483, "freq": 12.727922061357855, "value": 255, "file_name": "[9, 9].png"}, "4": {"x": 10, "y": 9, "angle": 0.7328151017865067, "freq": 13.45362404707371, "value": 255, "file_name": "[10, 9].png"}, "5": {"x": 10, "y": 10, "angle": 0.7853981633974483, "freq": 14.142135623730951, "value": 255, "file_name": "[10, 10].png"}, "6": {"x": 10, "y": 11, "angle": 0.8329812666744317, "freq": 14.866068747318506, "value": 255, "file_name": "[10, 11].png"}, "7": {"x": 10, "y": 12, "angle": 0.8760580505981934, "freq": 15.620499351813308, "value": 255, "file_name": "[10, 12].png"}, "8": {"x": 10, "y": 13, "angle": 0.9151007005533605, "freq": 16.401219466856727, "value": 255, "file_name": "[10, 13].png"}, "9": {"x": 10, "y": 14, "angle": 0.9505468408120751, "freq": 17.204650534085253, "value": 255, "file_name": "[10, 14].png"}, "10": {"x": 10, "y": 15, "angle": 0.982793723247329, "freq": 18.027756377319946, "value": 255, "file_name": "[10, 15].png"}, "11": {"x": 10, "y": 16, "angle": 1.0121970114513341, "freq": 18.867962264113206, "value": 255, "file_name": "[10, 16].png"}, "12": {"x": 10, "y": 17, "angle": 1.039072259536091, "freq": 19.72308292331602, "value": 255, "file_name": "[10, 17].png"}, "13": {"x": 10, "y": 18, "angle": 1.0636978224025597, "freq": 20.591260281974, "value": 255, "file_name": "[10, 18].png"}, "14": {"x": 10, "y": 19, "angle": 1.0863183977578734, "freq": 21.470910553583888, "value": 255, "file_name": "[10, 19].png"}, "15": {"x": 10, "y": 20, "angle": 1.1071487177940906, "freq": 22.360679774997898, "value": 255, "file_name": "[10, 20].png"}, "16": {"x": 11, "y": 9, "angle": 0.6857295109062863, "freq": 14.212670403551895, "value": 255, "file_name": "[11, 9].png"}, "17": {"x": 12, "y": 9, "angle": 0.6435011087932844, "freq": 15.0, "value": 255, "file_name": "[12, 9].png"}, "18": {"x": 13, "y": 9, "angle": 0.6055446636049701, "freq": 15.811388300841896, "value": 255, "file_name": "[13, 9].png"}, "19": {"x": 14, "y": 9, "angle": 0.5713374798336268, "freq": 16.64331697709324, "value": 255, "file_name": "[14, 9].png"}, "20": {"x": 17, "y": 12, "angle": 0.6146629519221656, "freq": 20.808652046684813, "value": 255, "file_name": "[17, 12].png"}, "21": {"x": 17, "y": 13, "angle": 0.6528466311007742, "freq": 21.400934559032695, "value": 255, "file_name": "[17, 13].png"}, "22": {"x": 17, "y": 14, "angle": 0.6889243882148613, "freq": 22.02271554554524, "value": 255, "file_name": "[17, 14].png"}, "23": {"x": 17, "y": 15, "angle": 0.722979353401491, "freq": 22.67156809750927, "value": 255, "file_name": "[17, 15].png"}, "24": {"x": 17, "y": 16, "angle": 0.7551044034786731, "freq": 23.345235059857504, "value": 255, "file_name": "[17, 16].png"}, "25": {"x": 17, "y": 17, "angle": 0.7853981633974483, "freq": 24.041630560342615, "value": 255, "file_name": "[17, 17].png"}, "26": {"x": 18, "y": 10, "angle": 0.507098504392337, "freq": 20.591260281974, "value": 255, "file_name": "[18, 10].png"}, "27": {"x": 18, "y": 11, "angle": 0.5485494024505281, "freq": 21.095023109728988, "value": 255, "file_name": "[18, 11].png"}, "28": {"x": 18, "y": 18, "angle": 0.7853981633974483, "freq": 25.45584412271571, "value": 255, "file_name": "[18, 18].png"}, "29": {"x": 18, "y": 19, "angle": 0.8124186125847132, "freq": 26.1725046566048, "value": 255, "file_name": "[18, 19].png"}, "30": {"x": 19, "y": 10, "angle": 0.4844779290370232, "freq": 21.470910553583888, "value": 255, "file_name": "[19, 10].png"}, "31": {"x": 19, "y": 19, "angle": 0.7853981633974483, "freq": 26.870057685088806, "value": 255, "file_name": "[19, 19].png"}, "32": {"x": 20, "y": 9, "angle": 0.4228539261329407, "freq": 21.93171219946131, "value": 255, "file_name": "[20, 9].png"}, "33": {"x": 20, "y": 20, "angle": 0.7853981633974483, "freq": 28.284271247461902, "value": 255, "file_name": "[20, 20].png"}, "34": {"x": 21, "y": 9, "angle": 0.4048917862850834, "freq": 22.847319317591726, "value": 255, "file_name": "[21, 9].png"}, "35": {"x": 21, "y": 20, "angle": 0.7610127542247298, "freq": 29.0, "value": 255, "file_name": "[21, 20].png"}, "36": {"x": 22, "y": 9, "angle": 0.388318718172466, "freq": 23.769728648009426, "value": 255, "file_name": "[22, 9].png"}, "37": {"x": 22, "y": 20, "angle": 0.7378150601204649, "freq": 29.732137494637012, "value": 255, "file_name": "[22, 20].png"}, "38": {"x": 23, "y": 9, "angle": 0.372987721800061, "freq": 24.698178070456937, "value": 255, "file_name": "[23, 9].png"}, "39": {"x": 23, "y": 20, "angle": 0.7157435896688801, "freq": 30.479501308256342, "value": 255, "file_name": "[23, 20].png"}, "40": {"x": 24, "y": 10, "angle": 0.39479111969976155, "freq": 26.0, "value": 255, "file_name": "[24, 10].png"}, "41": {"x": 24, "y": 19, "angle": 0.6696389456766376, "freq": 30.610455730027933, "value": 255, "file_name": "[24, 19].png"}, "42": {"x": 25, "y": 10, "angle": 0.3805063771123649, "freq": 26.92582403567252, "value": 255, "file_name": "[25, 10].png"}, "43": {"x": 25, "y": 11, "angle": 0.41450687458478597, "freq": 27.313000567495326, "value": 255, "file_name": "[25, 11].png"}, "44": {"x": 25, "y": 18, "angle": 0.6240230529767569, "freq": 30.805843601498726, "value": 255, "file_name": "[25, 18].png"}, "45": {"x": 25, "y": 19, "angle": 0.6498704494119476, "freq": 31.400636936215164, "value": 255, "file_name": "[25, 19].png"}, "46": {"x": 28, "y": 9, "angle": 0.31099828060554097, "freq": 29.410882339705484, "value": 255, "file_name": "[28, 9].png"}, "47": {"x": 28, "y": 10, "angle": 0.3430239404207034, "freq": 29.732137494637012, "value": 255, "file_name": "[28, 10].png"}, "48": {"x": 28, "y": 11, "angle": 0.3743336160075839, "freq": 30.083217912982647, "value": 255, "file_name": "[28, 11].png"}, "49": {"x": 28, "y": 12, "angle": 0.4048917862850834, "freq": 30.463092423455635, "value": 255, "file_name": "[28, 12].png"}, "50": {"x": 28, "y": 13, "angle": 0.4346702151492448, "freq": 30.870698080866262, "value": 255, "file_name": "[28, 13].png"}, "51": {"x": 28, "y": 14, "angle": 0.46364760900080615, "freq": 31.304951684997057, "value": 255, "file_name": "[28, 14].png"}, "52": {"x": 28, "y": 15, "angle": 0.49180917598869855, "freq": 31.76476034853718, "value": 255, "file_name": "[28, 15].png"}, "53": {"x": 28, "y": 16, "angle": 0.5191461142465229, "freq": 32.2490309931942, "value": 255, "file_name": "[28, 16].png"}, "54": {"x": 28, "y": 17, "angle": 0.5456550545269917, "freq": 32.7566787083184, "value": 255, "file_name": "[28, 17].png"}, "55": {"x": 28, "y": 18, "angle": 0.5713374798336268, "freq": 33.28663395418648, "value": 255, "file_name": "[28, 18].png"}, "56": {"x": 28, "y": 19, "angle": 0.5961991412974802, "freq": 33.83784863137726, "value": 255, "file_name": "[28, 19].png"}, "57": {"x": 28, "y": 20, "angle": 0.6202494859828215, "freq": 34.40930106817051, "value": 255, "file_name": "[28, 20].png"}, "58": {"x": 29, "y": 10, "angle": 0.3320594675428855, "freq": 30.675723300355934, "value": 255, "file_name": "[29, 10].png"}, "59": {"x": 30, "y": 11, "angle": 0.35144479400355166, "freq": 31.953090617340916, "value": 255, "file_name": "[30, 11].png"}, "60": {"x": 31, "y": 12, "angle": 0.3693336576736256, "freq": 33.24154027718932, "value": 255, "file_name": "[31, 12].png"}, "61": {"x": 31, "y": 13, "angle": 0.39707944522498234, "freq": 33.61547262794322, "value": 255, "file_name": "[31, 13].png"}, "62": {"x": 32, "y": 14, "angle": 0.4124104415973873, "freq": 34.92849839314596, "value": 255, "file_name": "[32, 14].png"}, "63": {"x": 33, "y": 15, "angle": 0.4266274931268761, "freq": 36.24913792078372, "value": 255, "file_name": "[33, 15].png"}, "64": {"x": 34, "y": 16, "angle": 0.4398425828157362,