{"0": {"x": 20, "y": 20, "angle": 0.7853981633974483, "freq": 28.284271247461902, "value": 255, "file_name": "[20, 20].png"}, "1": {"x": 40, "y": 0, "angle": 0.0, "freq": 40.0, "value": 255, "file_name": "[40, 0].png"}}